1U|ABKZ607668NVIQTL64|Lorem ipsum dolor sit amet, consectetur adipiscing elit. Maecenas ac lectus lectus. 
3G|ABKZ607668NVIQTL64|Fusce sit amet mauris at quam dapibus.
1U|CIBY457198YTWKRU65|Etiam viverra justo ac sodales ultrices. Fusce elementum, ipsum eget gravida sagittis, ante enim vulputate lacus, id tempus justo purus sit amet mi.
9O|CIBY457198YTWKRU65|Fusce sit amet mauris at quam dapibus.
9U|DNEY145989MBPSYA98|Etiam viverra justo ac sodales ultrices. Fusce elementum, ipsum eget gravida sagittis, ante enim vulputate lacus, id tempus justo purus sit amet mi.
1L|JNKE968528OEMZYM38|Fusce sit amet mauris at quam dapibus.
3G|ABKZ607668NVIQTL64|Lorem ipsum dolor sit amet, consectetur adipiscing elit. Maecenas ac lectus lectus. 
1U|CIBY457198YTWKRU65|Donec in ex sed velit vestibulum luctus sit amet vel justo. In convallis varius dolor, eget tincidunt arcu maximus ac.
9O|CIBY457198YTWKRU65|Donec in ex sed velit vestibulum luctus sit amet vel justo. In convallis varius dolor, eget tincidunt arcu maximus ac.
9U|DNEY145989MBPSYA98|Integer blandit ornare ullamcorper.
1S|DORD624610QZZEVN99|Lorem ipsum dolor sit amet, consectetur adipiscing elit. Maecenas ac lectus lectus. 
1S|DORD624610QZZEVN99|Sed condimentum magna sit amet nunc euismod, eu tincidunt sapien sodales.
1S|DORD624610QZZEVN99|Sed condimentum magna sit amet nunc euismod, eu tincidunt sapien sodales.
8S|DORD624610QZZEVN99|Lorem ipsum dolor sit amet, consectetur adipiscing elit. Maecenas ac lectus lectus. 
8P|DPUT562123IZFUWF82|Sed condimentum magna sit amet nunc euismod, eu tincidunt sapien sodales.
1L|JNKE968528OEMZYM38|Etiam viverra justo ac sodales ultrices. Fusce elementum, ipsum eget gravida sagittis, ante enim vulputate lacus, id tempus justo purus sit amet mi.
3G|ABKZ607668NVIQTL64|Sed condimentum magna sit amet nunc euismod, eu tincidunt sapien sodales.
1U|CIBY457198YTWKRU65|Lorem ipsum dolor sit amet, consectetur adipiscing elit. Maecenas ac lectus lectus. 
9O|CIBY457198YTWKRU65|Integer blandit ornare ullamcorper.
8S|DORD624610QZZEVN99|Sed condimentum magna sit amet nunc euismod, eu tincidunt sapien sodales.
8P|DPUT562123IZFUWF82|Integer blandit ornare ullamcorper.
8S|EEQK651848EJOLQH20|Donec in ex sed velit vestibulum luctus sit amet vel justo. In convallis varius dolor, eget tincidunt arcu maximus ac.
3G|GLBQ347762JXVITH87|Donec in ex sed velit vestibulum luctus sit amet vel justo. In convallis varius dolor, eget tincidunt arcu maximus ac.
9U|GLBQ347762JXVITH87|Etiam viverra justo ac sodales ultrices. Fusce elementum, ipsum eget gravida sagittis, ante enim vulputate lacus, id tempus justo purus sit amet mi.
5K|JJVE136274OLPMEL24|Etiam viverra justo ac sodales ultrices. Fusce elementum, ipsum eget gravida sagittis, ante enim vulputate lacus, id tempus justo purus sit amet mi.
9O|JJVE136274OLPMEL24|Integer blandit ornare ullamcorper.
1L|JNKE968528OEMZYM38|Lorem ipsum dolor sit amet, consectetur adipiscing elit. Maecenas ac lectus lectus. 
3G|ABKZ607668NVIQTL64|Integer blandit ornare ullamcorper.
1U|CIBY457198YTWKRU65|Donec in ex sed velit vestibulum luctus sit amet vel justo. In convallis varius dolor, eget tincidunt arcu maximus ac.
9O|CIBY457198YTWKRU65|Donec in ex sed velit vestibulum luctus sit amet vel justo. In convallis varius dolor, eget tincidunt arcu maximus ac.
9U|DNEY145989MBPSYA98|Lorem ipsum dolor sit amet, consectetur adipiscing elit. Maecenas ac lectus lectus. 
1S|DORD624610QZZEVN99|Etiam viverra justo ac sodales ultrices. Fusce elementum, ipsum eget gravida sagittis, ante enim vulputate lacus, id tempus justo purus sit amet mi.